List,Stimulus,Stimulus_raw,Stimulus_English,Category,Typicality,Typicality_class,Typicality_rating,AoA_rating,Familiarity_rating,Frequency_DlexDB,logFreq_WebXL_lemma,Length,NameAgrmnt_Avrg,Naming_Round,Picture,Audio_Name,Image_Link,Audio_Link,
2,Papaya,Papaya,papaya,fruit,atypical,3,4,7,3,0.098,4.046,6,63,2,Papaya_new.jpg,Papaya.wav,https://www.ling.uni-potsdam.de/~lampe/SemMerk/Final_Images/Papaya_new.jpg,https://www.ling.uni-potsdam.de/~lampe/SemMerk/Audios/Papaya.wav,
2,Pony,Pony,pony,animal,midtypical,2,2.1,1.95,3.263,1.488,4.674,4,83,1,Pony_adjusted.jpg,Pony.wav,https://www.ling.uni-potsdam.de/~lampe/SemMerk/Final_Images/Pony_adjusted.jpg,https://www.ling.uni-potsdam.de/~lampe/SemMerk/Audios/Pony.wav,
2,Orange,Orange,orange,fruit,typical,1,1,4,4,4.03,5.269,6,97,1,Orange_adjusted.jpg,Orange.wav,https://www.ling.uni-potsdam.de/~lampe/SemMerk/Final_Images/Orange_adjusted.jpg,https://www.ling.uni-potsdam.de/~lampe/SemMerk/Audios/Orange.wav,
2,Biber,Biber,beaver,animal,atypical,3,3.05,2.95,2.684,1.545,4.171,4,93,2,Biber_new.jpg,Biber.wav,https://www.ling.uni-potsdam.de/~lampe/SemMerk/Final_Images/Biber_new.jpg,https://www.ling.uni-potsdam.de/~lampe/SemMerk/Audios/Biber.wav,
2,Weißkohl,Weisskohl,white cabbage,vegetable,midtypical,2,2.15,3.35,3.6,0.875,3.711,6,92,2,Weisskohl_new.jpg,Weisskohl.wav,https://www.ling.uni-potsdam.de/~lampe/SemMerk/Final_Images/Weisskohl_new.jpg,https://www.ling.uni-potsdam.de/~lampe/SemMerk/Audios/Weisskohl.wav,
2,Erdbeere,Erdbeere,strawberry,fruit,typical,1,1,2,5,2.829,4.983,7,100,1,Erdbeere_adjusted.jpg,Erdbeere.wav,https://www.ling.uni-potsdam.de/~lampe/SemMerk/Final_Images/Erdbeere_adjusted.jpg,https://www.ling.uni-potsdam.de/~lampe/SemMerk/Audios/Erdbeere.wav,
2,Seestern,Seestern,starfish,animal,atypical,3,5.25,4.1,2.5,1.112,3.776,7,94,1,Seestern_adjusted.jpg,Seestern.wav,https://www.ling.uni-potsdam.de/~lampe/SemMerk/Final_Images/Seestern_adjusted.jpg,https://www.ling.uni-potsdam.de/~lampe/SemMerk/Audios/Seestern.wav,
2,Nachthemd,Nachthemd,nightgown,clothes,midtypical,2,2.45,2,4,2.845,3.807,8,73,2,Nachthemd_new.jpg,Nachthemd.wav,https://www.ling.uni-potsdam.de/~lampe/SemMerk/Final_Images/Nachthemd_new.jpg,https://www.ling.uni-potsdam.de/~lampe/SemMerk/Audios/Nachthemd.wav,
2,LKW,LKW,lorry,vehicle,typical,1,1.35,2,4,None,4.799,6,98,1,LKW_adjusted.jpg,LKW.wav,https://www.ling.uni-potsdam.de/~lampe/SemMerk/Final_Images/LKW_adjusted.jpg,https://www.ling.uni-potsdam.de/~lampe/SemMerk/Audios/LKW.wav,
2,Peperoni,Peperoni,chilli,vegetable,atypical,3,3.632,5.35,3.45,0.041,3.883,8,91,1,Peperoni_adjusted.jpg,Peperoni.wav,https://www.ling.uni-potsdam.de/~lampe/SemMerk/Final_Images/Peperoni_adjusted.jpg,https://www.ling.uni-potsdam.de/~lampe/SemMerk/Audios/Peperoni.wav,
2,Seilbahn,Seilbahn,cable car,vehicle,midtypical,3,3.6,4,3,0.392,4.391,6,97,1,Seilbahn_adjusted.jpg,Seilbahn.wav,https://www.ling.uni-potsdam.de/~lampe/SemMerk/Final_Images/Seilbahn_adjusted.jpg,https://www.ling.uni-potsdam.de/~lampe/SemMerk/Audios/Seilbahn.wav,
2,Bluse,Bluse,blouse,clothes,typical,1,1.5,3,4,6.777,5.033,5,97,2,Bluse_new.jpg,Bluse.wav,https://www.ling.uni-potsdam.de/~lampe/SemMerk/Final_Images/Bluse_new.jpg,https://www.ling.uni-potsdam.de/~lampe/SemMerk/Audios/Bluse.wav,
2,Mundharmonika,Mundharmonika,harmonica,musical instrument,atypical,3,3.4,3.05,3.05,1.357063113,3.703549298,13,90,2,Mundharmonika_new.jpg,Mundharmonika.wav,https://www.ling.uni-potsdam.de/~lampe/SemMerk/Final_Images/Mundharmonika_new.jpg,https://www.ling.uni-potsdam.de/~lampe/SemMerk/Audios/Mundharmonika.wav,
2,Hosenträger,Hosentraeger,braces ,clothes,atypical,3,5.25,3,2,1.717,3.772,10,84,1,Hosentraeger_adjusted.jpg,Hosentraeger.wav,https://www.ling.uni-potsdam.de/~lampe/SemMerk/Final_Images/Hosentraeger_adjusted.jpg,https://www.ling.uni-potsdam.de/~lampe/SemMerk/Audios/Hosentraeger.wav,
2,Mais,Mais,sweetcorn,vegetable,midtypical,2,2.263,3.15,3.9,7.676,4.641,3,100,1,Mais_adjusted.jpg,Mais.wav,https://www.ling.uni-potsdam.de/~lampe/SemMerk/Final_Images/Mais_adjusted.jpg,https://www.ling.uni-potsdam.de/~lampe/SemMerk/Audios/Mais.wav,
2,Auto,Auto,car,vehicle,typical,1,1,2,5,51.846,6.172,3,98,1,Auto_adjusted.jpg,Auto.wav,https://www.ling.uni-potsdam.de/~lampe/SemMerk/Final_Images/Auto_adjusted.jpg,https://www.ling.uni-potsdam.de/~lampe/SemMerk/Audios/Auto.wav,
2,Knollensellerie,Knollensellerie,celeriac,vegetable,atypical,3,3.05,5.75,2.55,0.172,3.42,12,65,2,Knollensellerie_new.jpg,Knollensellerie.wav,https://www.ling.uni-potsdam.de/~lampe/SemMerk/Final_Images/Knollensellerie_new.jpg,https://www.ling.uni-potsdam.de/~lampe/SemMerk/Audios/Knollensellerie.wav,
2,Johannisbeere,Johannisbeere,redcurrant,fruit,midtypical,1,2,3,3.65,1,4.266,11,90,2,Johannisbeere_new.jpg,Johannisbeere.wav,https://www.ling.uni-potsdam.de/~lampe/SemMerk/Final_Images/Johannisbeere_new.jpg,https://www.ling.uni-potsdam.de/~lampe/SemMerk/Audios/Johannisbeere.wav,
2,Bär,Baer,bear,animal,typical,1,1.2,1.75,3.25,10.333,5.015,3,100,1,Baer_adjusted.jpg,Baer.wav,https://www.ling.uni-potsdam.de/~lampe/SemMerk/Final_Images/Baer_adjusted.jpg,https://www.ling.uni-potsdam.de/~lampe/SemMerk/Audios/Baer.wav,
2,Stirnband,Stirnband,headband,clothes,atypical,3,,,,,3.983,,82,2,Stirnband_new.jpg,Stirnband.wav,https://www.ling.uni-potsdam.de/~lampe/SemMerk/Final_Images/Stirnband_new.jpg,https://www.ling.uni-potsdam.de/~lampe/SemMerk/Audios/Stirnband.wav,
2,Moped,Moped,moped,vehicle,midtypical,2,2.3,4,2,0.638,4.29,5,94,1,Moped_adjusted.jpg,Moped.wav,https://www.ling.uni-potsdam.de/~lampe/SemMerk/Final_Images/Moped_adjusted.jpg,https://www.ling.uni-potsdam.de/~lampe/SemMerk/Audios/Moped.wav,
2,Blumenkohl,Blumenkohl,cauliflower,vegetable,typical,1,1.35,3,4,2.51,4.26,9,94,1,Blumenkohl_adjusted.jpg,Blumenkohl.wav,https://www.ling.uni-potsdam.de/~lampe/SemMerk/Final_Images/Blumenkohl_adjusted.jpg,https://www.ling.uni-potsdam.de/~lampe/SemMerk/Audios/Blumenkohl.wav,
2,Rassel,Rassel,rattle,musical instrument,atypical,3,5,3,2,1.275,3.776,5,68,2,Rassel_new.jpg,Rassel.wav,https://www.ling.uni-potsdam.de/~lampe/SemMerk/Final_Images/Rassel_new.jpg,https://www.ling.uni-potsdam.de/~lampe/SemMerk/Audios/Rassel.wav,
2,Bikini,Bikini,bikini,clothes,midtypical,2,2.7,5,3,0.368,4.639,6,92,1,Bikini_adjusted.jpg,Bikini.wav,https://www.ling.uni-potsdam.de/~lampe/SemMerk/Final_Images/Bikini_adjusted.jpg,https://www.ling.uni-potsdam.de/~lampe/SemMerk/Audios/Bikini.wav,
2,Delfin,Delfin,dolphin,animal,typical,1,1.7,3.65,2.95,5.624,4.25,6,99,1,Delfin_adjusted.jpg,Delfin.wav,https://www.ling.uni-potsdam.de/~lampe/SemMerk/Final_Images/Delfin_adjusted.jpg,https://www.ling.uni-potsdam.de/~lampe/SemMerk/Audios/Delfin.wav,
2,Blaubeere,Blaubeere,blueberry,fruit,midtypical,2,2.1,2.8,4.1,0.204376975,4.195068996,7,95,1,Blaubeere_adjusted.jpg,Blaubeere.wav,https://www.ling.uni-potsdam.de/~lampe/SemMerk/Final_Images/Blaubeere_adjusted.jpg,https://www.ling.uni-potsdam.de/~lampe/SemMerk/Audios/Blaubeere.wav,
2,Posaune,Posaune,trombone,musical instrument,midtypical,2,2,4,3,2.493,3.945,6,60,2,Posaune_new.jpg,Posaune.wav,https://www.ling.uni-potsdam.de/~lampe/SemMerk/Final_Images/Posaune_new.jpg,https://www.ling.uni-potsdam.de/~lampe/SemMerk/Audios/Posaune.wav,
2,Pfirsich,Pfirsich,peach,fruit,typical,1,1,3,4,2.24,4.436,6,80,1,Pfirsich_adjusted.jpg,Pfirsich.wav,https://www.ling.uni-potsdam.de/~lampe/SemMerk/Final_Images/Pfirsich_adjusted.jpg,https://www.ling.uni-potsdam.de/~lampe/SemMerk/Audios/Pfirsich.wav,
2,Luchs,Luchs,lynx,animal,atypical,3,3.05,4.1,2.5,0.956,4.048,4,77,2,Luchs_new.jpg,Luchs.wav,https://www.ling.uni-potsdam.de/~lampe/SemMerk/Final_Images/Luchs_new.jpg,https://www.ling.uni-potsdam.de/~lampe/SemMerk/Audios/Luchs.wav,
2,Motorrad,Motorrad,motorcycle  ,vehicle,midtypical,2,2.2,3.25,3.05,4.97044803,5.164730468,7,100,1,Motorrad_adjusted.jpg,Motorrad.wav,https://www.ling.uni-potsdam.de/~lampe/SemMerk/Final_Images/Motorrad_adjusted.jpg,https://www.ling.uni-potsdam.de/~lampe/SemMerk/Audios/Motorrad.wav,
2,Rucola,Rucola,rocket,vegetable,atypical,2,2.947,6.176,3.55,None,4.255,6,82,2,Rucola_new.jpg,Rucola.wav,https://www.ling.uni-potsdam.de/~lampe/SemMerk/Final_Images/Rucola_new.jpg,https://www.ling.uni-potsdam.de/~lampe/SemMerk/Audios/Rucola.wav,
2,Unterhose,Unterhose,underpants,clothes,midtypical,2,2.25,2,5,2.363,4.325,8,98,2,Unterhose_new.jpg,Unterhose.wav,https://www.ling.uni-potsdam.de/~lampe/SemMerk/Final_Images/Unterhose_new.jpg,https://www.ling.uni-potsdam.de/~lampe/SemMerk/Audios/Unterhose.wav,
2,Klarinette,Klarinette,clarinet,musical instrument,typical,2,2,5,3,1.398,4.067,9,60,2,Klarinette_adjusted.jpg,Klarinette.wav,https://www.ling.uni-potsdam.de/~lampe/SemMerk/Final_Images/Klarinette_adjusted.jpg,https://www.ling.uni-potsdam.de/~lampe/SemMerk/Audios/Klarinette.wav,
2,Limette,Limette,lime,fruit,atypical,3,3,6,3,0.033,4.434,6,85,2,Limette_new.jpg,Limette.wav,https://www.ling.uni-potsdam.de/~lampe/SemMerk/Final_Images/Limette_new.jpg,https://www.ling.uni-potsdam.de/~lampe/SemMerk/Audios/Limette.wav,
2,Rote Bete,RoteBete,beetroot,vegetable,midtypical,2,2.35,3.45,3.3,,4.093351632,8,80,1,RoteBete_adjusted.jpg,RoteBete.wav,https://www.ling.uni-potsdam.de/~lampe/SemMerk/Final_Images/RoteBete_adjusted.jpg,https://www.ling.uni-potsdam.de/~lampe/SemMerk/Audios/RoteBete.wav,
2,Mandarine,Mandarine,tangerine,fruit,typical,1,2,4,4,1.022,4.27,9,91,1,Mandarine_adjusted.jpg,Mandarine.wav,https://www.ling.uni-potsdam.de/~lampe/SemMerk/Final_Images/Mandarine_adjusted.jpg,https://www.ling.uni-potsdam.de/~lampe/SemMerk/Audios/Mandarine.wav,
2,Tretboot,Tretboot,pedal boat,vehicle,atypical,3,4.94,4,3,0.008,3.533,7,96,1,Tretboot_adjusted.jpg,Tretboot.wav,https://www.ling.uni-potsdam.de/~lampe/SemMerk/Final_Images/Tretboot_adjusted.jpg,https://www.ling.uni-potsdam.de/~lampe/SemMerk/Audios/Tretboot.wav,
2,Schnecke,Schnecke,snail,animal,midtypical,2,2.8,2.05,3.55,9.287,4.642,5,100,1,Schnecke_adjusted.jpg,Schnecke.wav,https://www.ling.uni-potsdam.de/~lampe/SemMerk/Final_Images/Schnecke_adjusted.jpg,https://www.ling.uni-potsdam.de/~lampe/SemMerk/Audios/Schnecke.wav,
2,Geige,Geige,violin,musical instrument,typical,1,1,4,3,7.006,4.352,4,88,1,Geige_adjusted.jpg,Geige.wav,https://www.ling.uni-potsdam.de/~lampe/SemMerk/Final_Images/Geige_adjusted.jpg,https://www.ling.uni-potsdam.de/~lampe/SemMerk/Audios/Geige.wav,
2,Seepferdchen,Seepferdchen,seahorse,animal,atypical,3,3.75,3.25,2.4,0.286,3.75,9,100,2,Seepferdchen_new.jpg,Seepferdchen.wav,https://www.ling.uni-potsdam.de/~lampe/SemMerk/Final_Images/Seepferdchen_new.jpg,https://www.ling.uni-potsdam.de/~lampe/SemMerk/Audios/Seepferdchen.wav,
2,Spinne,Spinne,spider,animal,midtypical,2,2.5,2.15,3.6,6.311,4.718,5,98,1,Spinne_adjusted.jpg,Spinne.wav,https://www.ling.uni-potsdam.de/~lampe/SemMerk/Final_Images/Spinne_adjusted.jpg,https://www.ling.uni-potsdam.de/~lampe/SemMerk/Audios/Spinne.wav,
2,Jeans,Jeans,jeans,clothes,typical,1,1.4,4,5,1.635,5.353,4,90,1,Jeans_adjusted.jpg,Jeans.wav,https://www.ling.uni-potsdam.de/~lampe/SemMerk/Final_Images/Jeans_adjusted.jpg,https://www.ling.uni-potsdam.de/~lampe/SemMerk/Audios/Jeans.wav,
2,Kidneybohne,Kidneybohne,kidney bean,vegetable,atypical,3,4.25,5.882,2.9,None,3.481,9,95,1,Kidneybohne_adjusted.jpg,Kidneybohne.wav,https://www.ling.uni-potsdam.de/~lampe/SemMerk/Final_Images/Kidneybohne_adjusted.jpg,https://www.ling.uni-potsdam.de/~lampe/SemMerk/Audios/Kidneybohne.wav,
2,Blattsalat,Blattsalat,leaf salad,vegetable,midtypical,2,2.35,4.15,4,0.147,3.867,9,94,1,Blattsalat_adjusted.jpg,Blattsalat.wav,https://www.ling.uni-potsdam.de/~lampe/SemMerk/Final_Images/Blattsalat_adjusted.jpg,https://www.ling.uni-potsdam.de/~lampe/SemMerk/Audios/Blattsalat.wav,
2,Schlagzeug,Schlagzeug,drumkit,musical instrument,typical,1,2,3,3,2.657,4.598,7,94,1,Schlagzeug_adjusted.jpg,Schlagzeug.wav,https://www.ling.uni-potsdam.de/~lampe/SemMerk/Final_Images/Schlagzeug_adjusted.jpg,https://www.ling.uni-potsdam.de/~lampe/SemMerk/Audios/Schlagzeug.wav,
2,Badeanzug,Badeanzug,swimsuit,clothes,atypical,3,3.15,2,4,0.956,4.223,9,94,1,Badeanzug_adjusted.jpg,Badeanzug.wav,https://www.ling.uni-potsdam.de/~lampe/SemMerk/Final_Images/Badeanzug_adjusted.jpg,https://www.ling.uni-potsdam.de/~lampe/SemMerk/Audios/Badeanzug.wav,
2,Leopard,Leopard,leopard,animal,midtypical,2,2.2,3.7,2.75,1.7,4.48,7,83,1,Leopard_adjusted.jpg,Leopard.wav,https://www.ling.uni-potsdam.de/~lampe/SemMerk/Final_Images/Leopard_adjusted.jpg,https://www.ling.uni-potsdam.de/~lampe/SemMerk/Audios/Leopard.wav,
2,U-Bahn,UBahn,underground railway,vehicle,typical,1,1.25,4,4,1.521,4.889,4,78,1,UBahn_adjusted.jpg,UBahn.wav,https://www.ling.uni-potsdam.de/~lampe/SemMerk/Final_Images/UBahn_adjusted.jpg,https://www.ling.uni-potsdam.de/~lampe/SemMerk/Audios/UBahn.wav,
2,Schlitten,Schlitten,sleigh,vehicle,atypical,3,4.8,2,4,6.246,4.387,6,100,1,Schlitten_adjusted.jpg,Schlitten.wav,https://www.ling.uni-potsdam.de/~lampe/SemMerk/Final_Images/Schlitten_adjusted.jpg,https://www.ling.uni-potsdam.de/~lampe/SemMerk/Audios/Schlitten.wav,
2,Lauch,Lauch,leek,vegetable,midtypical,2,2.15,3.5,3.6,0.916,3.658,4,93,1,Lauch_adjusted.jpg,Lauch.wav,https://www.ling.uni-potsdam.de/~lampe/SemMerk/Final_Images/Lauch_adjusted.jpg,https://www.ling.uni-potsdam.de/~lampe/SemMerk/Audios/Lauch.wav,
2,Kirsche,Kirsche,cherry,fruit,typical,1,1,2,4,3.417,4.727,5,100,1,Kirsche_adjusted.jpg,Kirsche.wav,https://www.ling.uni-potsdam.de/~lampe/SemMerk/Final_Images/Kirsche_adjusted.jpg,https://www.ling.uni-potsdam.de/~lampe/SemMerk/Audios/Kirsche.wav,
2,Xylophon,Xylophon,xylophone,musical instrument,atypical,3,4,5,2,0.67,3.415,8,82,1,Xylophon_adjusted.jpg,Xylophon.wav,https://www.ling.uni-potsdam.de/~lampe/SemMerk/Final_Images/Xylophon_adjusted.jpg,https://www.ling.uni-potsdam.de/~lampe/SemMerk/Audios/Xylophon.wav,
2,Biene,Biene,bee,animal,midtypical,2,2.368,1.9,4.05,11.69,4.856,4,88,1,Biene_adjusted.jpg,Biene.wav,https://www.ling.uni-potsdam.de/~lampe/SemMerk/Final_Images/Biene_adjusted.jpg,https://www.ling.uni-potsdam.de/~lampe/SemMerk/Audios/Biene.wav,
2,Rosenkohl,Rosenkohl,Brussels sprouts,vegetable,typical,1,1.45,3,4,0.867,4.078,8,83,1,Rosenkohl_adjusted.jpg,Rosenkohl.wav,https://www.ling.uni-potsdam.de/~lampe/SemMerk/Final_Images/Rosenkohl_adjusted.jpg,https://www.ling.uni-potsdam.de/~lampe/SemMerk/Audios/Rosenkohl.wav,
2,Esskastanie,Esskastanie,sweet chestnut,vegetable,atypical,3,4.526,5.316,2.7,None,3.338,10,87,1,Esskastanie_adjusted.jpg,Esskastanie.wav,https://www.ling.uni-potsdam.de/~lampe/SemMerk/Final_Images/Esskastanie_adjusted.jpg,https://www.ling.uni-potsdam.de/~lampe/SemMerk/Audios/Esskastanie.wav,
2,Frosch,Frosch,frog,animal,midtypical,2,2.15,2.05,3.4,6.655,4.707,4,98,1,Frosch_adjusted.jpg,Frosch.wav,https://www.ling.uni-potsdam.de/~lampe/SemMerk/Final_Images/Frosch_adjusted.jpg,https://www.ling.uni-potsdam.de/~lampe/SemMerk/Audios/Frosch.wav,
2,Gans,Gans,goose,animal,typical,1,1.2,1.9,3.85,9.638,4.46,4,94,1,Gans_adjusted.jpg,Gans.wav,https://www.ling.uni-potsdam.de/~lampe/SemMerk/Final_Images/Gans_adjusted.jpg,https://www.ling.uni-potsdam.de/~lampe/SemMerk/Audios/Gans.wav,
2,Litschi,Litschi,lychee,fruit,atypical,3,4,7,3,0.033,3.411,4,80,1,Litschi_adjusted.jpg,Litschi.wav,https://www.ling.uni-potsdam.de/~lampe/SemMerk/Final_Images/Litschi_adjusted.jpg,https://www.ling.uni-potsdam.de/~lampe/SemMerk/Audios/Litschi.wav,
2,Kürbis,Kuerbis,pumpkin,vegetable,midtypical,2,2.737,3.15,3.55,1.39,4.817,6,98,2,Kuerbis_new.jpg,Kuerbis.wav,https://www.ling.uni-potsdam.de/~lampe/SemMerk/Final_Images/Kuerbis_new.jpg,https://www.ling.uni-potsdam.de/~lampe/SemMerk/Audios/Kuerbis.wav,
2,Orgel,Orgel,organ,musical instrument,typical,1,2,5,3,10.137,4.475,5,98,1,Orgel_adjusted.jpg,Orgel.wav,https://www.ling.uni-potsdam.de/~lampe/SemMerk/Final_Images/Orgel_adjusted.jpg,https://www.ling.uni-potsdam.de/~lampe/SemMerk/Audios/Orgel.wav,
2,Traktor,Traktor,tractor,vehicle,atypical,3,3.84,2,3,3.09,4.639,7,97,1,Traktor_adjusted.jpg,Traktor.wav,https://www.ling.uni-potsdam.de/~lampe/SemMerk/Final_Images/Traktor_adjusted.jpg,https://www.ling.uni-potsdam.de/~lampe/SemMerk/Audios/Traktor.wav,
2,Cembalo,Cembalo,harpsichord,musical instrument,midtypical,2,3,5.666666667,1.85,0.931959006,3.503790683,7,38,1,Cembalo_adjusted.jpg,Cembalo.wav,https://www.ling.uni-potsdam.de/~lampe/SemMerk/Final_Images/Cembalo_adjusted.jpg,https://www.ling.uni-potsdam.de/~lampe/SemMerk/Audios/Cembalo.wav,
2,Zucchini,Zucchini,courgette,vegetable,midtypical,2,2,5.947368421,3.8,0.008175079,4.717304277,6,97,2,Zucchini_new.jpg,Zucchini.wav,https://www.ling.uni-potsdam.de/~lampe/SemMerk/Final_Images/Zucchini_new.jpg,https://www.ling.uni-potsdam.de/~lampe/SemMerk/Audios/Zucchini.wav,
2,Anzug,Anzug,suit,clothes,typical,1,1.4,4,4,19.301,4.974,5,99,1,Anzug_adjusted.jpg,Anzug.wav,https://www.ling.uni-potsdam.de/~lampe/SemMerk/Final_Images/Anzug_adjusted.jpg,https://www.ling.uni-potsdam.de/~lampe/SemMerk/Audios/Anzug.wav,
2,Krawatte,Krawatte,tie,clothes,atypical,3,3.5,5,3,6.344,4.506,7,100,1,Krawatte_adjusted.jpg,Krawatte.wav,https://www.ling.uni-potsdam.de/~lampe/SemMerk/Final_Images/Krawatte_adjusted.jpg,https://www.ling.uni-potsdam.de/~lampe/SemMerk/Audios/Krawatte.wav,
2,Boot,Boot,boat,vehicle,midtypical,2,2.1,2,4,30.305,5.484,3,95,1,Boot_adjusted.jpg,Boot.wav,https://www.ling.uni-potsdam.de/~lampe/SemMerk/Final_Images/Boot_adjusted.jpg,https://www.ling.uni-potsdam.de/~lampe/SemMerk/Audios/Boot.wav,
2,Tomate,Tomate,tomato,vegetable,typical,1,1.15,2,5,6.058,5.255,6,100,1,Tomate_adjusted.jpg,Tomate.wav,https://www.ling.uni-potsdam.de/~lampe/SemMerk/Final_Images/Tomate_adjusted.jpg,https://www.ling.uni-potsdam.de/~lampe/SemMerk/Audios/Tomate.wav,
2,Kran,Kran,crane,vehicle,atypical,3,5.69,3,3,2.673,4.406,4,100,2,Kran_adjusted.jpg,Kran.wav,https://www.ling.uni-potsdam.de/~lampe/SemMerk/Final_Images/Kran_adjusted.jpg,https://www.ling.uni-potsdam.de/~lampe/SemMerk/Audios/Kran.wav,
2,Bohne,Bohne,bean,vegetable,midtypical,2,2.15,2.75,3.55,6.27,4.895,4,92,1,Bohne_adjusted.jpg,Bohne.wav,https://www.ling.uni-potsdam.de/~lampe/SemMerk/Final_Images/Bohne_adjusted.jpg,https://www.ling.uni-potsdam.de/~lampe/SemMerk/Audios/Bohne.wav,
2,Mütze,Muetze,cap,clothes,typical,1,1.95,2,4,14.012,4.939,4,97,1,Muetze_adjusted.jpg,Muetze.wav,https://www.ling.uni-potsdam.de/~lampe/SemMerk/Final_Images/Muetze_adjusted.jpg,https://www.ling.uni-potsdam.de/~lampe/SemMerk/Audios/Muetze.wav,
2,Lätzchen,Laetzchen,pinafore,clothes,atypical,3,4.79,2,3,None,3.586,6,95,2,Laetzchen_new.jpg,Laetzchen.wav,https://www.ling.uni-potsdam.de/~lampe/SemMerk/Final_Images/Laetzchen_new.jpg,https://www.ling.uni-potsdam.de/~lampe/SemMerk/Audios/Laetzchen.wav,
2,Schmetterling,Schmetterling,butterfly,animal,midtypical,2,2.2,2.15,3.75,7.349,4.836,8,100,1,Schmetterling_adjusted.jpg,Schmetterling.wav,https://www.ling.uni-potsdam.de/~lampe/SemMerk/Final_Images/Schmetterling_adjusted.jpg,https://www.ling.uni-potsdam.de/~lampe/SemMerk/Audios/Schmetterling.wav,
2,Trompete,Trompete,trumpet,musical instrument,typical,1,1.3,2.8,2.75,5.133949609,4.33045436,8,98,1,Trompete_adjusted.jpg,Trompete.wav,https://www.ling.uni-potsdam.de/~lampe/SemMerk/Final_Images/Trompete_adjusted.jpg,https://www.ling.uni-potsdam.de/~lampe/SemMerk/Audios/Trompete.wav,
2,Mirabelle,Mirabelle,mirabelle,fruit,atypical,3,4,6,3,0.229,3.641,8,68,2,Mirabelle_new.jpg,Mirabelle.wav,https://www.ling.uni-potsdam.de/~lampe/SemMerk/Final_Images/Mirabelle_new.jpg,https://www.ling.uni-potsdam.de/~lampe/SemMerk/Audios/Mirabelle.wav,
2,Brombeere,Brombeere,blackberry,fruit,midtypical,2,2,3,4.05,1,4.205,8,90,1,Brombeere_adjusted.jpg,Brombeere.wav,https://www.ling.uni-potsdam.de/~lampe/SemMerk/Final_Images/Brombeere_adjusted.jpg,https://www.ling.uni-potsdam.de/~lampe/SemMerk/Audios/Brombeere.wav,
2,S-Bahn,SBahn,city train,vehicle,typical,1,1.1,4,4,1.545,4.763,5,69,1,SBahn_adjusted.jpg,SBahn.wav,https://www.ling.uni-potsdam.de/~lampe/SemMerk/Final_Images/SBahn_adjusted.jpg,https://www.ling.uni-potsdam.de/~lampe/SemMerk/Audios/SBahn.wav,
2,Fanfare,Fanfare,fanfare,musical instrument,atypical,3,4,5,2,1.447,4.103,7,56,1,Fanfare_adjusted.jpg,Fanfare.wav,https://www.ling.uni-potsdam.de/~lampe/SemMerk/Final_Images/Fanfare_adjusted.jpg,https://www.ling.uni-potsdam.de/~lampe/SemMerk/Audios/Fanfare.wav,
2,Birne,Birne,pear,fruit,typical,1,1.15,2.35,4.1,5.403727216,4.833771639,5,100,2,Birne_new.jpg,Birne.wav,https://www.ling.uni-potsdam.de/~lampe/SemMerk/Final_Images/Birne_new.jpg,https://www.ling.uni-potsdam.de/~lampe/SemMerk/Audios/Birne.wav,
2,Erbse,Erbse,pea,vegetable,typical,1,1.75,2,4,4.97,4.422,5,91,1,Erbse_adjusted.jpg,Erbse.wav,https://www.ling.uni-potsdam.de/~lampe/SemMerk/Final_Images/Erbse_adjusted.jpg,https://www.ling.uni-potsdam.de/~lampe/SemMerk/Audios/Erbse.wav,
2,Avocado,Avocado,avocado,vegetable,atypical,3,3.389,5.889,3.5,0.057,4.621,7,90,1,Avocado_adjusted.jpg,Avocado.wav,https://www.ling.uni-potsdam.de/~lampe/SemMerk/Final_Images/Avocado_adjusted.jpg,https://www.ling.uni-potsdam.de/~lampe/SemMerk/Audios/Avocado.wav,
2,Weste,Weste,waistcoat,clothes,midtypical,2,2.55,4,3,4.897,4.59,5,94,1,Weste_adjusted.jpg,Weste.wav,https://www.ling.uni-potsdam.de/~lampe/SemMerk/Final_Images/Weste_adjusted.jpg,https://www.ling.uni-potsdam.de/~lampe/SemMerk/Audios/Weste.wav,
2,Paprika,Paprika,pepper,vegetable,typical,1,1.65,4,4,2.812,4.924,7,100,1,Paprika_adjusted.jpg,Paprika.wav,https://www.ling.uni-potsdam.de/~lampe/SemMerk/Final_Images/Paprika_adjusted.jpg,https://www.ling.uni-potsdam.de/~lampe/SemMerk/Audios/Paprika.wav,
2,Dreirad,Dreirad,tricycle,vehicle,atypical,3,5.11,2,3,0.27,3.796,6,94,1,Dreirad_adjusted.jpg,Dreirad.wav,https://www.ling.uni-potsdam.de/~lampe/SemMerk/Final_Images/Dreirad_adjusted.jpg,https://www.ling.uni-potsdam.de/~lampe/SemMerk/Audios/Dreirad.wav,
2,Harfe,Harfe,harp,musical instrument,midtypical,2,2.65,4.8,2.9,1.773992142,3.957846634,5,92,1,Harfe_adjusted.jpg,Harfe.wav,https://www.ling.uni-potsdam.de/~lampe/SemMerk/Final_Images/Harfe_adjusted.jpg,https://www.ling.uni-potsdam.de/~lampe/SemMerk/Audios/Harfe.wav,
2,Brokkoli,Brokkoli,broccoli,vegetable,typical,1,1.7,6,4,0.172,4.347,7,97,2,Brokkoli_new.jpg,Brokkoli.wav,https://www.ling.uni-potsdam.de/~lampe/SemMerk/Final_Images/Brokkoli_new.jpg,https://www.ling.uni-potsdam.de/~lampe/SemMerk/Audios/Brokkoli.wav,
2,Lederhose,Lederhose,leather trousers,clothes,atypical,3,3.95,3,2,0.719,4.347,8,94,1,Lederhose_adjusted.jpg,Lederhose.wav,https://www.ling.uni-potsdam.de/~lampe/SemMerk/Final_Images/Lederhose_adjusted.jpg,https://www.ling.uni-potsdam.de/~lampe/SemMerk/Audios/Lederhose.wav,
2,Motorboot,Motorboot,motorboat,vehicle,midtypical,2,2.95,4,3,1.537,3.987,8,97,1,Motorboot_adjusted.jpg,Motorboot.wav,https://www.ling.uni-potsdam.de/~lampe/SemMerk/Final_Images/Motorboot_adjusted.jpg,https://www.ling.uni-potsdam.de/~lampe/SemMerk/Audios/Motorboot.wav,
2,Straßenbahn,Strassenbahn,tram,vehicle,typical,1,1.35,3,4,11.045,4.743,10,83,1,Strassenbahn_adjusted.jpg,Strassenbahn.wav,https://www.ling.uni-potsdam.de/~lampe/SemMerk/Final_Images/Strassenbahn_adjusted.jpg,https://www.ling.uni-potsdam.de/~lampe/SemMerk/Audios/Strassenbahn.wav,
2,Dudelsack,Dudelsack,bagpipes,musical instrument,atypical,3,4,4,2,0.67,3.569,8,94,1,Dudelsack_adjusted.jpg,Dudelsack.wav,https://www.ling.uni-potsdam.de/~lampe/SemMerk/Final_Images/Dudelsack_adjusted.jpg,https://www.ling.uni-potsdam.de/~lampe/SemMerk/Audios/Dudelsack.wav,
2,Pflaume,Pflaume,plum,fruit,midtypical,1,2,3,3.9,2,4.441,5,88,1,Pflaume_adjusted.jpg,Pflaume.wav,https://www.ling.uni-potsdam.de/~lampe/SemMerk/Final_Images/Pflaume_adjusted.jpg,https://www.ling.uni-potsdam.de/~lampe/SemMerk/Audios/Pflaume.wav,
2,Blockflöte,Blockfloete,recorder,musical instrument,typical,1,1,3,4,4.431,4.197,5,98,1,Blockfloete_adjusted.jpg,Blockfloete.wav,https://www.ling.uni-potsdam.de/~lampe/SemMerk/Final_Images/Blockfloete_adjusted.jpg,https://www.ling.uni-potsdam.de/~lampe/SemMerk/Audios/Blockfloete.wav,
2,Trikot,Trikot,tricot,clothes,atypical,3,4.6,4,3,1.259,5.007,5,94,1,Trikot_adjusted.jpg,Trikot.wav,https://www.ling.uni-potsdam.de/~lampe/SemMerk/Final_Images/Trikot_adjusted.jpg,https://www.ling.uni-potsdam.de/~lampe/SemMerk/Audios/Trikot.wav,
2,Apfel,Apfel,apple,fruit,typical,1,1.05,1.75,4.6,13.1537021,5.339807079,4,100,2,Apfel_new.jpg,Apfel.wav,https://www.ling.uni-potsdam.de/~lampe/SemMerk/Final_Images/Apfel_new.jpg,https://www.ling.uni-potsdam.de/~lampe/SemMerk/Audios/Apfel.wav,
2,Elefant,Elefant,elephant,animal,typical,1,1.15,2.05,3.65,10.284,4.86,7,100,1,Elefant_adjusted.jpg,Elefant.wav,https://www.ling.uni-potsdam.de/~lampe/SemMerk/Final_Images/Elefant_adjusted.jpg,https://www.ling.uni-potsdam.de/~lampe/SemMerk/Audios/Elefant.wav,
2,Chamäleon,Chamaeleon,chameleon,animal,atypical,3,3.3,4.45,1.9,0.687,3.878,8,82,1,Chamaeleon_adjusted.jpg,Chamaeleon.wav,https://www.ling.uni-potsdam.de/~lampe/SemMerk/Final_Images/Chamaeleon_adjusted.jpg,https://www.ling.uni-potsdam.de/~lampe/SemMerk/Audios/Chamaeleon.wav,
2,Panflöte,Panfloete,panpipes,musical instrument,midtypical,2,3,5,2,0.139,3.156,8,76,1,Panfloete_adjusted.jpg,Panfloete.wav,https://www.ling.uni-potsdam.de/~lampe/SemMerk/Final_Images/Panfloete_adjusted.jpg,https://www.ling.uni-potsdam.de/~lampe/SemMerk/Audios/Panfloete.wav,
2,Ananas,Ananas,pineapple,fruit,typical,1,1,4,4,1.194,4.536,6,100,1,Ananas_adjusted.jpg,Ananas.wav,https://www.ling.uni-potsdam.de/~lampe/SemMerk/Final_Images/Ananas_adjusted.jpg,https://www.ling.uni-potsdam.de/~lampe/SemMerk/Audios/Ananas.wav,
2,Mango,Mango,mango,fruit,atypical,2,2,6,3,0.204,4.96,5,80,1,Mango_adjusted.jpg,Mango.wav,https://www.ling.uni-potsdam.de/~lampe/SemMerk/Final_Images/Mango_adjusted.jpg,https://www.ling.uni-potsdam.de/~lampe/SemMerk/Audios/Mango.wav,
2,Unterhemd,Unterhemd,vest,clothes,midtypical,2,2.05,2,4,0.597,3.835,8,88,2,Unterhemd_new.jpg,Unterhemd.wav,https://www.ling.uni-potsdam.de/~lampe/SemMerk/Final_Images/Unterhemd_new.jpg,https://www.ling.uni-potsdam.de/~lampe/SemMerk/Audios/Unterhemd.wav,
2,Banane,Banane,banana,fruit,typical,1,1,3,5,3.262,4.996,6,100,1,Banane_adjusted.jpg,Banane.wav,https://www.ling.uni-potsdam.de/~lampe/SemMerk/Final_Images/Banane_adjusted.jpg,https://www.ling.uni-potsdam.de/~lampe/SemMerk/Audios/Banane.wav,
2,Umhang,Umhang,cloak,clothes,atypical,3,5.21,4,2,1.422,4.063,5,87,1,Umhang_adjusted.jpg,Umhang.wav,https://www.ling.uni-potsdam.de/~lampe/SemMerk/Final_Images/Umhang_adjusted.jpg,https://www.ling.uni-potsdam.de/~lampe/SemMerk/Audios/Umhang.wav,
2,Nashorn,Nashorn,rhinoceros,animal,midtypical,2,2.2,3.55,2.9,1.7,4.027,7,97,1,Nashorn_adjusted.jpg,Nashorn.wav,https://www.ling.uni-potsdam.de/~lampe/SemMerk/Final_Images/Nashorn_adjusted.jpg,https://www.ling.uni-potsdam.de/~lampe/SemMerk/Audios/Nashorn.wav,
2,Möhre,Moehre,carrot,vegetable,typical,1,1.15,2,4,1.504,3.225,7,99,1,Moehre_adjusted.jpg,Moehre.wav,https://www.ling.uni-potsdam.de/~lampe/SemMerk/Final_Images/Moehre_adjusted.jpg,https://www.ling.uni-potsdam.de/~lampe/SemMerk/Audios/Moehre.wav,
2,Sonnenhut,Sonnenhut,sun hat,clothes,atypical,3,4.45,3,3,0.057,3.736,8,100,1,Sonnenhut_adjusted.jpg,Sonnenhut.wav,https://www.ling.uni-potsdam.de/~lampe/SemMerk/Final_Images/Sonnenhut_adjusted.jpg,https://www.ling.uni-potsdam.de/~lampe/SemMerk/Audios/Sonnenhut.wav,
2,Honigmelone,Honigmelone,honeydew melon,fruit,midtypical,2,2,6,3.65,0,3.508,11,97,2,Honigmelone_new.jpg,Honigmelone.wav,https://www.ling.uni-potsdam.de/~lampe/SemMerk/Final_Images/Honigmelone_new.jpg,https://www.ling.uni-potsdam.de/~lampe/SemMerk/Audios/Honigmelone.wav,
2,Hemd,Hemd,shirt,clothes,typical,1,1.4,2,5,20.307,4.992,4,100,2,Hemd_new.jpg,Hemd.wav,https://www.ling.uni-potsdam.de/~lampe/SemMerk/Final_Images/Hemd_new.jpg,https://www.ling.uni-potsdam.de/~lampe/SemMerk/Audios/Hemd.wav,
2,Ingwer,Ingwer,ginger,vegetable,atypical,3,3.941,6.158,3.55,0.613,4.891,4,96,1,Ingwer_adjusted.jpg,Ingwer.wav,https://www.ling.uni-potsdam.de/~lampe/SemMerk/Final_Images/Ingwer_adjusted.jpg,https://www.ling.uni-potsdam.de/~lampe/SemMerk/Audios/Ingwer.wav,
2,Trommel,Trommel,drum,musical instrument,midtypical,2,2,2,3,10.325,4.462,6,95,2,Trommel_adjusted.jpg,Trommel.wav,https://www.ling.uni-potsdam.de/~lampe/SemMerk/Final_Images/Trommel_adjusted.jpg,https://www.ling.uni-potsdam.de/~lampe/SemMerk/Audios/Trommel.wav,
2,Pullover,Pullover,sweater,clothes,typical,1,1.05,3,5,3.883,4.912,6,94,1,Pullover_adjusted.jpg,Pullover.wav,https://www.ling.uni-potsdam.de/~lampe/SemMerk/Final_Images/Pullover_adjusted.jpg,https://www.ling.uni-potsdam.de/~lampe/SemMerk/Audios/Pullover.wav,
2,Skateboard,Skateboard,skateboard,vehicle,atypical,3,5.47,6,2,0.057,4.176,8,95,2,Skateboard_new.jpg,Skateboard.wav,https://www.ling.uni-potsdam.de/~lampe/SemMerk/Final_Images/Skateboard_new.jpg,https://www.ling.uni-potsdam.de/~lampe/SemMerk/Audios/Skateboard.wav,
2,Rock,Rock,skirt,clothes,typical,1,1.55,2,4,26.422,5.56,3,99,1,Rock_adjusted.jpg,Rock.wav,https://www.ling.uni-potsdam.de/~lampe/SemMerk/Final_Images/Rock_adjusted.jpg,https://www.ling.uni-potsdam.de/~lampe/SemMerk/Audios/Rock.wav,
2,Hagebutte,Hagebutte,rosehip,fruit,atypical,3,5,3,3,0.548,3.87,8,73,1,Hagebutte_adjusted.jpg,Hagebutte.wav,https://www.ling.uni-potsdam.de/~lampe/SemMerk/Final_Images/Hagebutte_adjusted.jpg,https://www.ling.uni-potsdam.de/~lampe/SemMerk/Audios/Hagebutte.wav,
2,Schlange,Schlange,snake,animal,midtypical,2,2.3,2,2.95,13.963,5.078,5,98,1,Schlange_adjusted.jpg,Schlange.wav,https://www.ling.uni-potsdam.de/~lampe/SemMerk/Final_Images/Schlange_adjusted.jpg,https://www.ling.uni-potsdam.de/~lampe/SemMerk/Audios/Schlange.wav,
2,Socke,Socke,sock,clothes,typical,1,1.35,2,5,0.294,4.256,4,100,1,Socke_adjusted.jpg,Socke.wav,https://www.ling.uni-potsdam.de/~lampe/SemMerk/Final_Images/Socke_adjusted.jpg,https://www.ling.uni-potsdam.de/~lampe/SemMerk/Audios/Socke.wav,
2,Rollschuh,Rollschuh,roller blade,vehicle,atypical,3,5.5,4,2,None,3.483,5,87,2,Rollschuh_new.jpg,Rollschuh.wav,https://www.ling.uni-potsdam.de/~lampe/SemMerk/Final_Images/Rollschuh_new.jpg,https://www.ling.uni-potsdam.de/~lampe/SemMerk/Audios/Rollschuh.wav,
2,Strumpfhose,Strumpfhose,tights,clothes,midtypical,2,2.4,3,3,0.237,4.56,10,79,1,Strumpfhose_adjusted.jpg,Strumpfhose.wav,https://www.ling.uni-potsdam.de/~lampe/SemMerk/Final_Images/Strumpfhose_adjusted.jpg,https://www.ling.uni-potsdam.de/~lampe/SemMerk/Audios/Strumpfhose.wav,
2,Klavier,Klavier,piano ,musical instrument,typical,1,1,3,4,12.32,4.971,6,100,1,Klavier_adjusted.jpg,Klavier.wav,https://www.ling.uni-potsdam.de/~lampe/SemMerk/Final_Images/Klavier_adjusted.jpg,https://www.ling.uni-potsdam.de/~lampe/SemMerk/Audios/Klavier.wav,
2,Triangel,Triangel,triangle,musical instrument,atypical,3,4,4,2,0.54,3.463,7,94,1,Triangel_adjusted.jpg,Triangel.wav,https://www.ling.uni-potsdam.de/~lampe/SemMerk/Final_Images/Triangel_adjusted.jpg,https://www.ling.uni-potsdam.de/~lampe/SemMerk/Audios/Triangel.wav,
2,Himbeere,Himbeere,raspberry,fruit,midtypical,1,2,3,4.05,1,4.66,7,97,1,Himbeere_adjusted.jpg,Himbeere.wav,https://www.ling.uni-potsdam.de/~lampe/SemMerk/Final_Images/Himbeere_adjusted.jpg,https://www.ling.uni-potsdam.de/~lampe/SemMerk/Audios/Himbeere.wav,
2,Kontrabass,Kontrabass,double bass,musical instrument,midtypical,2,2.85,4.55,3,0.024525237,3.956456583,9,60,3,Kontrabass_Mensch.jpg,Kontrabass.wav,https://www.ling.uni-potsdam.de/~lampe/SemMerk/Final_Images/Kontrabass_Mensch.jpg,https://www.ling.uni-potsdam.de/~lampe/SemMerk/Audios/Kontrabass.wav,
2,Physalis,Physalis,poha,fruit,atypical,3,4,7,3,0.065,3.434,7,63,2,Physalis_new.jpg,Physalis.wav,https://www.ling.uni-potsdam.de/~lampe/SemMerk/Final_Images/Physalis_new.jpg,https://www.ling.uni-potsdam.de/~lampe/SemMerk/Audios/Physalis.wav,
2,Stachelbeere,Stachelbeere,gooseberry,fruit,midtypical,2,2,3,3.55,1,3.759,10,80,1,Stachelbeere_adjusted.jpg,Stachelbeere.wav,https://www.ling.uni-potsdam.de/~lampe/SemMerk/Final_Images/Stachelbeere_adjusted.jpg,https://www.ling.uni-potsdam.de/~lampe/SemMerk/Audios/Stachelbeere.wav,
2,Schiff,Schiff,ship,vehicle,typical,1,1.2,2,4,87.833,5.538,3,97,1,Schiff_adjusted.jpg,Schiff.wav,https://www.ling.uni-potsdam.de/~lampe/SemMerk/Final_Images/Schiff_adjusted.jpg,https://www.ling.uni-potsdam.de/~lampe/SemMerk/Audios/Schiff.wav,
2,Kohlrabi,Kohlrabi,kohlrabi,vegetable,typical,1,1.8,2.85,3.75,1.193561533,4.138649995,7,97,2,Kohlrabi_adjusted.jpg,Kohlrabi.wav,https://www.ling.uni-potsdam.de/~lampe/SemMerk/Final_Images/Kohlrabi_adjusted.jpg,https://www.ling.uni-potsdam.de/~lampe/SemMerk/Audios/Kohlrabi.wav,
2,Fahrrad,Fahrrad,bicycle  ,vehicle,midtypical,1,1.6,2,5,8.845,5.475,5,100,1,Fahrrad_adjusted.jpg,Fahrrad.wav,https://www.ling.uni-potsdam.de/~lampe/SemMerk/Final_Images/Fahrrad_adjusted.jpg,https://www.ling.uni-potsdam.de/~lampe/SemMerk/Audios/Fahrrad.wav,
2,Giraffe,Giraffe,giraffe,animal,typical,1,1.6,2.35,3,0.948,4,6,100,1,Giraffe_adjusted.jpg,Giraffe.wav,https://www.ling.uni-potsdam.de/~lampe/SemMerk/Final_Images/Giraffe_adjusted.jpg,https://www.ling.uni-potsdam.de/~lampe/SemMerk/Audios/Giraffe.wav,
2,T-Shirt,TShirt,shirt,clothes,typical,1,,,,,5.287624842,,98,1,TShirt_adjusted.jpg,TShirt.wav,https://www.ling.uni-potsdam.de/~lampe/SemMerk/Final_Images/TShirt_adjusted.jpg,https://www.ling.uni-potsdam.de/~lampe/SemMerk/Audios/TShirt.wav,
2,Wurm,Wurm,worm,animal,atypical,3,3.526,2.3,2.9,9.483,4.724,4,97,1,Wurm_adjusted.jpg,Wurm.wav,https://www.ling.uni-potsdam.de/~lampe/SemMerk/Final_Images/Wurm_adjusted.jpg,https://www.ling.uni-potsdam.de/~lampe/SemMerk/Audios/Wurm.wav,
2,Schlafanzug,Schlafanzug,pyjamas,clothes,midtypical,2,2.35,2,4,0.981,4.123,9,98,2,Schlafanzug_new.jpg,Schlafanzug.wav,https://www.ling.uni-potsdam.de/~lampe/SemMerk/Final_Images/Schlafanzug_new.jpg,https://www.ling.uni-potsdam.de/~lampe/SemMerk/Audios/Schlafanzug.wav,
2,Flugzeug,Flugzeug,aeroplane,vehicle,typical,1,1,2,4,59.237,5.358,7,99,1,Flugzeug_adjusted.jpg,Flugzeug.wav,https://www.ling.uni-potsdam.de/~lampe/SemMerk/Final_Images/Flugzeug_adjusted.jpg,https://www.ling.uni-potsdam.de/~lampe/SemMerk/Audios/Flugzeug.wav,
2,Granatapfel,Granatapfel,pomegranate,fruit,atypical,3,4,6,3,0.278,4.23,10,78,1,Granatapfel_adjusted.jpg,Granatapfel.wav,https://www.ling.uni-potsdam.de/~lampe/SemMerk/Final_Images/Granatapfel_adjusted.jpg,https://www.ling.uni-potsdam.de/~lampe/SemMerk/Audios/Granatapfel.wav,
2,Gabelstapler,Gabelstapler,forklift truck,vehicle,atypical,3,4.944444444,4.8,2.65,0.212552054,3.962464046,11,96,1,Gabelstapler_adjusted.jpg,Gabelstapler.wav,https://www.ling.uni-potsdam.de/~lampe/SemMerk/Final_Images/Gabelstapler_adjusted.jpg,https://www.ling.uni-potsdam.de/~lampe/SemMerk/Audios/Gabelstapler.wav,
2,Saxophon,Saxophon,saxophone,musical instrument,typical,2,2,4,3,0.924,4.135,8,85,1,Saxophon_adjusted.jpg,Saxophon.wav,https://www.ling.uni-potsdam.de/~lampe/SemMerk/Final_Images/Saxophon_adjusted.jpg,https://www.ling.uni-potsdam.de/~lampe/SemMerk/Audios/Saxophon.wav,
2,Dattel,Dattel,date,fruit,atypical,3,4,5,3,0.646,4.224,5,87,2,Dattel_adjusted.jpg,Dattel.wav,https://www.ling.uni-potsdam.de/~lampe/SemMerk/Final_Images/Dattel_adjusted.jpg,https://www.ling.uni-potsdam.de/~lampe/SemMerk/Audios/Dattel.wav,
2,Cello,Cello,cello,musical instrument,midtypical,2,2,5,3,1.014,4.101,4,73,3,Cello_Mensch.jpg,Cello.wav,https://www.ling.uni-potsdam.de/~lampe/SemMerk/Final_Images/Cello_Mensch.jpg,https://www.ling.uni-potsdam.de/~lampe/SemMerk/Audios/Cello.wav,
2,Fuchs,Fuchs,fox,animal,typical,1,1.75,2.15,3.1,12.565,5.118,4,100,1,Fuchs_adjusted.jpg,Fuchs.wav,https://www.ling.uni-potsdam.de/~lampe/SemMerk/Final_Images/Fuchs_adjusted.jpg,https://www.ling.uni-potsdam.de/~lampe/SemMerk/Audios/Fuchs.wav,
2,Stöckelschuh,Stoeckelschuh,stiletto ,clothes,atypical,3,5.26,5,3,0.58,3.459,8,76,1,Stoeckelschuh_adjusted.jpg,Stoeckelschuh.wav,https://www.ling.uni-potsdam.de/~lampe/SemMerk/Final_Images/Stoeckelschuh_adjusted.jpg,https://www.ling.uni-potsdam.de/~lampe/SemMerk/Audios/Stoeckelschuh.wav,
2,Kutsche,Kutsche,carriage,vehicle,midtypical,3,3.75,2,3,3.384,4.199,4,85,1,Kutsche_adjusted.jpg,Kutsche.wav,https://www.ling.uni-potsdam.de/~lampe/SemMerk/Final_Images/Kutsche_adjusted.jpg,https://www.ling.uni-potsdam.de/~lampe/SemMerk/Audios/Kutsche.wav,
2,Spargel,Spargel,asparagus,vegetable,typical,1,1.6,4,4,2.657,4.806,7,100,1,Spargel_adjusted.jpg,Spargel.wav,https://www.ling.uni-potsdam.de/~lampe/SemMerk/Final_Images/Spargel_adjusted.jpg,https://www.ling.uni-potsdam.de/~lampe/SemMerk/Audios/Spargel.wav,
2,Tamburin,Tamburin,tambourine,musical instrument,atypical,3,4,5,2,0.327,2.9,8,53,2,Tamburin_new.jpg,Tamburin.wav,https://www.ling.uni-potsdam.de/~lampe/SemMerk/Final_Images/Tamburin_new.jpg,https://www.ling.uni-potsdam.de/~lampe/SemMerk/Audios/Tamburin.wav,
2,Papagei,Papagei,parrot,animal,midtypical,2,2.25,2.45,2.75,3.45,4.202,6,99,1,Papagei_adjusted.jpg,Papagei.wav,https://www.ling.uni-potsdam.de/~lampe/SemMerk/Final_Images/Papagei_adjusted.jpg,https://www.ling.uni-potsdam.de/~lampe/SemMerk/Audios/Papagei.wav,
2,Fähre,Faehre,ferry,vehicle,midtypical,3,3.05,3.9,3.263157895,2.150045776,4.81883269,4,76,1,Faehre_adjusted.jpg,Faehre.wav,https://www.ling.uni-potsdam.de/~lampe/SemMerk/Final_Images/Faehre_adjusted.jpg,https://www.ling.uni-potsdam.de/~lampe/SemMerk/Audios/Faehre.wav,
2,Fenchel,Fenchel,fennel,vegetable,atypical,3,3.588,5.15,2.85,1.226,4.321,6,78,2,Fenchel_adjusted.jpg,Fenchel.wav,https://www.ling.uni-potsdam.de/~lampe/SemMerk/Final_Images/Fenchel_adjusted.jpg,https://www.ling.uni-potsdam.de/~lampe/SemMerk/Audios/Fenchel.wav,
2,Wassermelone,Wassermelone,melon,fruit,midtypical,2,2,4,4.4,1,4.312,6,99,1,Wassermelone_adjusted.jpg,Wassermelone.wav,https://www.ling.uni-potsdam.de/~lampe/SemMerk/Final_Images/Wassermelone_adjusted.jpg,https://www.ling.uni-potsdam.de/~lampe/SemMerk/Audios/Wassermelone.wav,
2,Zug,Zug,train,vehicle,typical,1,1.1,2,5,125.299,5.909,3,90,2,Zug_new.jpg,Zug.wav,https://www.ling.uni-potsdam.de/~lampe/SemMerk/Final_Images/Zug_new.jpg,https://www.ling.uni-potsdam.de/~lampe/SemMerk/Audios/Zug.wav,
2,Floß,Floss,raft,vehicle,atypical,3,5.15,4,2,2.338,3.97,4,83,2,Floss_adjusted.jpg,Floss.wav,https://www.ling.uni-potsdam.de/~lampe/SemMerk/Final_Images/Floss_adjusted.jpg,https://www.ling.uni-potsdam.de/~lampe/SemMerk/Audios/Floss.wav,
2,Zitrone,Zitrone,lemon,fruit,midtypical,1,2,3,4.45,4,5.016,7,100,1,Zitrone_adjusted.jpg,Zitrone.wav,https://www.ling.uni-potsdam.de/~lampe/SemMerk/Final_Images/Zitrone_adjusted.jpg,https://www.ling.uni-potsdam.de/~lampe/SemMerk/Audios/Zitrone.wav,
2,Gitarre,Gitarre,guitar,musical instrument,typical,1,1,3,4,2.6,5.213,6,100,1,Gitarre_adjusted.jpg,Gitarre.wav,https://www.ling.uni-potsdam.de/~lampe/SemMerk/Final_Images/Gitarre_adjusted.jpg,https://www.ling.uni-potsdam.de/~lampe/SemMerk/Audios/Gitarre.wav,
2,Eidechse,Eidechse,lizard,animal,atypical,3,3.2,3.15,2.9,2.575,3.745,6,75,2,Eidechse_new.jpg,Eidechse.wav,https://www.ling.uni-potsdam.de/~lampe/SemMerk/Final_Images/Eidechse_new.jpg,https://www.ling.uni-potsdam.de/~lampe/SemMerk/Audios/Eidechse.wav,
2,Handschuh,Handschuh,glove,clothes,midtypical,2,2.9,2,4,10.963,4.981,6,99,1,Handschuh_adjusted.jpg,Handschuh.wav,https://www.ling.uni-potsdam.de/~lampe/SemMerk/Final_Images/Handschuh_adjusted.jpg,https://www.ling.uni-potsdam.de/~lampe/SemMerk/Audios/Handschuh.wav,
2,Querflöte,Querfloete,flute,musical instrument,typical,1,2,5,3,0.147,3.739,9,76,1,Querfloete_adjusted.jpg,Querfloete.wav,https://www.ling.uni-potsdam.de/~lampe/SemMerk/Final_Images/Querfloete_adjusted.jpg,https://www.ling.uni-potsdam.de/~lampe/SemMerk/Audios/Querfloete.wav,
2,Sprosse,Sprosse,shoot,vegetable,atypical,3,4.55,5.35,2.684,2.354,4.204,6,92,2,Sprosse_new.jpg,Sprosse.wav,https://www.ling.uni-potsdam.de/~lampe/SemMerk/Final_Images/Sprosse_new.jpg,https://www.ling.uni-potsdam.de/~lampe/SemMerk/Audios/Sprosse.wav,
2,Hubschrauber,Hubschrauber,helicopter,vehicle,midtypical,2,2.3,3,4,3.049,4.637,8,98,1,Hubschrauber_adjusted.jpg,Hubschrauber.wav,https://www.ling.uni-potsdam.de/~lampe/SemMerk/Final_Images/Hubschrauber_adjusted.jpg,https://www.ling.uni-potsdam.de/~lampe/SemMerk/Audios/Hubschrauber.wav,
2,Hirsch,Hirsch,stag / deer,animal,typical,1,1.6,2.85,2.95,10.995,4.689,4,88,2,Hirsch_adjusted.jpg,Hirsch.wav,https://www.ling.uni-potsdam.de/~lampe/SemMerk/Final_Images/Hirsch_adjusted.jpg,https://www.ling.uni-potsdam.de/~lampe/SemMerk/Audios/Hirsch.wav,
2,Gazelle,Gazelle,gazelle,animal,atypical,3,3.1,4.8,2.421,0.695,3.657,6,72,1,Gazelle_adjusted.jpg,Gazelle.wav,https://www.ling.uni-potsdam.de/~lampe/SemMerk/Final_Images/Gazelle_adjusted.jpg,https://www.ling.uni-potsdam.de/~lampe/SemMerk/Audios/Gazelle.wav,
2,Schal,Schal,shawl,clothes,midtypical,2,2.3,2,4,3.548,4.945,3,100,1,Schal_adjusted.jpg,Schal.wav,https://www.ling.uni-potsdam.de/~lampe/SemMerk/Final_Images/Schal_adjusted.jpg,https://www.ling.uni-potsdam.de/~lampe/SemMerk/Audios/Schal.wav,
2,Affe,Affe,monkey,animal,typical,1,1.2,1.8,3.7,10.366,4.884,3,100,1,Affe_adjusted.jpg,Affe.wav,https://www.ling.uni-potsdam.de/~lampe/SemMerk/Final_Images/Affe_adjusted.jpg,https://www.ling.uni-potsdam.de/~lampe/SemMerk/Audios/Affe.wav,
2,Tuba,Tuba,tuba,musical instrument,atypical,3,4,5,2,0.58,3.629,4,60,2,Tuba_new.jpg,Tuba.wav,https://www.ling.uni-potsdam.de/~lampe/SemMerk/Final_Images/Tuba_new.jpg,https://www.ling.uni-potsdam.de/~lampe/SemMerk/Audios/Tuba.wav,
2,Akkordeon,Akkordeon,accordion,musical instrument,midtypical,2,2,4,3,0.638,4.15,8,91,1,Akkordeon_adjusted.jpg,Akkordeon.wav,https://www.ling.uni-potsdam.de/~lampe/SemMerk/Final_Images/Akkordeon_adjusted.jpg,https://www.ling.uni-potsdam.de/~lampe/SemMerk/Audios/Akkordeon.wav,
2,Tiger,Tiger,tiger,animal,typical,1,1.65,2.65,3.05,7.848,5.04,4,98,1,Tiger_adjusted.jpg,Tiger.wav,https://www.ling.uni-potsdam.de/~lampe/SemMerk/Final_Images/Tiger_adjusted.jpg,https://www.ling.uni-potsdam.de/~lampe/SemMerk/Audios/Tiger.wav,
2,Kastagnette,Kastagnette,castanets,musical instrument,atypical,3,5,6,2,0.384,2.72,10,62,2,Kastagnette_new.jpg,Kastagnette.wav,https://www.ling.uni-potsdam.de/~lampe/SemMerk/Final_Images/Kastagnette_new.jpg,https://www.ling.uni-potsdam.de/~lampe/SemMerk/Audios/Kastagnette.wav,
2,Feldsalat,Feldsalat,lamb's lettuce,vegetable,midtypical,2,2.65,4.1,4.15,0.384,3.998,9,88,2,Feldsalat_new.jpg,Feldsalat.wav,https://www.ling.uni-potsdam.de/~lampe/SemMerk/Final_Images/Feldsalat_new.jpg,https://www.ling.uni-potsdam.de/~lampe/SemMerk/Audios/Feldsalat.wav,
2,Taxi,Taxi,taxi,vehicle,typical,1,1.3,3,4,4.259,4.974,5,98,1,Taxi_adjusted.jpg,Taxi.wav,https://www.ling.uni-potsdam.de/~lampe/SemMerk/Final_Images/Taxi_adjusted.jpg,https://www.ling.uni-potsdam.de/~lampe/SemMerk/Audios/Taxi.wav,
2,Wohnmobil,Wohnmobil,camper van,vehicle,atypical,3,3.8,5,3,0.082,4.657,8,91,1,Wohnmobil_adjusted.jpg,Wohnmobil.wav,https://www.ling.uni-potsdam.de/~lampe/SemMerk/Final_Images/Wohnmobil_adjusted.jpg,https://www.ling.uni-potsdam.de/~lampe/SemMerk/Audios/Wohnmobil.wav,
2,Oboe,Oboe,oboe,musical instrument,midtypical,2,3,5,2,1.022,3.713,4,34,1,Oboe_adjusted.jpg,Oboe.wav,https://www.ling.uni-potsdam.de/~lampe/SemMerk/Final_Images/Oboe_adjusted.jpg,https://www.ling.uni-potsdam.de/~lampe/SemMerk/Audios/Oboe.wav,
2,Weintraube,Weintraube,grape,fruit,typical,1,1,3,4,1.145,4.055,8,99,1,Weintraube_adjusted.jpg,Weintraube.wav,https://www.ling.uni-potsdam.de/~lampe/SemMerk/Final_Images/Weintraube_adjusted.jpg,https://www.ling.uni-potsdam.de/~lampe/SemMerk/Audios/Weintraube.wav,
2,Muschel,Muschel,sea shell,animal,atypical,3,4.65,2.5,3.9,7.145,4.536,5,99,1,Muschel_adjusted.jpg,Muschel.wav,https://www.ling.uni-potsdam.de/~lampe/SemMerk/Final_Images/Muschel_adjusted.jpg,https://www.ling.uni-potsdam.de/~lampe/SemMerk/Audios/Muschel.wav,
2,Aubergine,Aubergine,aubergine,vegetable,midtypical,2,2.5,5.947,3.4,0.262,4.417,8,90,1,Aubergine_adjusted.jpg,Aubergine.wav,https://www.ling.uni-potsdam.de/~lampe/SemMerk/Final_Images/Aubergine_adjusted.jpg,https://www.ling.uni-potsdam.de/~lampe/SemMerk/Audios/Aubergine.wav,
2,Jacke,Jacke,jacket,clothes,typical,1,1.3,2,5,10.546,5.358,4,83,1,Jacke_adjusted.jpg,Jacke.wav,https://www.ling.uni-potsdam.de/~lampe/SemMerk/Final_Images/Jacke_adjusted.jpg,https://www.ling.uni-potsdam.de/~lampe/SemMerk/Audios/Jacke.wav,
2,Feige,Feige,fig,fruit,atypical,3,3,5,3,1.619,4.324,4,79,1,Feige_adjusted.jpg,Feige.wav,https://www.ling.uni-potsdam.de/~lampe/SemMerk/Final_Images/Feige_adjusted.jpg,https://www.ling.uni-potsdam.de/~lampe/SemMerk/Audios/Feige.wav,
2,Blutorange,Blutorange,blood orange,fruit,midtypical,2,2,5,3.6,0,3.631,10,88,2,Blutorange_new.jpg,Blutorange.wav,https://www.ling.uni-potsdam.de/~lampe/SemMerk/Final_Images/Blutorange_new.jpg,https://www.ling.uni-potsdam.de/~lampe/SemMerk/Audios/Blutorange.wav,
2,Bus,Bus,bus,vehicle,typical,1,1,2,4,6.965,5.897,3,100,1,Bus_adjusted.jpg,Bus.wav,https://www.ling.uni-potsdam.de/~lampe/SemMerk/Final_Images/Bus_adjusted.jpg,https://www.ling.uni-potsdam.de/~lampe/SemMerk/Audios/Bus.wav,
2,Olive,Olive,olive,vegetable,atypical,3,3.389,5.632,4.1,1.684,4.57,5,90,1,Olive_adjusted.jpg,Olive.wav,https://www.ling.uni-potsdam.de/~lampe/SemMerk/Final_Images/Olive_adjusted.jpg,https://www.ling.uni-potsdam.de/~lampe/SemMerk/Audios/Olive.wav,
2,Segelschiff,Segelschiff,sailing ship,vehicle,midtypical,3,3.65,3,3,1.831,3.881,8,91,1,Segelschiff_adjusted.jpg,Segelschiff.wav,https://www.ling.uni-potsdam.de/~lampe/SemMerk/Final_Images/Segelschiff_adjusted.jpg,https://www.ling.uni-potsdam.de/~lampe/SemMerk/Audios/Segelschiff.wav,
2,Reh,Reh,roe deer,animal,typical,1,1.65,2.3,3.55,3.008,4.477,2,94,1,Reh_adjusted.jpg,Reh.wav,https://www.ling.uni-potsdam.de/~lampe/SemMerk/Final_Images/Reh_adjusted.jpg,https://www.ling.uni-potsdam.de/~lampe/SemMerk/Audios/Reh.wav,
2,Keyboard,Keyboard,keyboard,musical instrument,atypical,3,3,5,3,0.458,4.654,6,90,2,Keyboard_new.jpg,Keyboard.wav,https://www.ling.uni-potsdam.de/~lampe/SemMerk/Final_Images/Keyboard_new.jpg,https://www.ling.uni-potsdam.de/~lampe/SemMerk/Audios/Keyboard.wav,
2,BH,BH,bra,clothes,midtypical,2,2.55,5,4,None,4.539,4,100,1,BH_adjusted.jpg,BH.wav,https://www.ling.uni-potsdam.de/~lampe/SemMerk/Final_Images/BH_adjusted.jpg,https://www.ling.uni-potsdam.de/~lampe/SemMerk/Audios/BH.wav,
2,Gurke,Gurke,cucumber,vegetable,typical,1,1.1,2,4,4.415,4.783,5,100,1,Gurke_adjusted.jpg,Gurke.wav,https://www.ling.uni-potsdam.de/~lampe/SemMerk/Final_Images/Gurke_adjusted.jpg,https://www.ling.uni-potsdam.de/~lampe/SemMerk/Audios/Gurke.wav,
2,Libelle,Libelle,dragonfly,animal,atypical,3,3.579,3.85,3.15,1.815,4.053,6,98,1,Libelle_adjusted.jpg,Libelle.wav,https://www.ling.uni-potsdam.de/~lampe/SemMerk/Final_Images/Libelle_adjusted.jpg,https://www.ling.uni-potsdam.de/~lampe/SemMerk/Audios/Libelle.wav,
2,E-Gitarre,E-Gitarre,electric guitar,musical instrument,midtypical,2,2,5,3,0.016,4.105,7,100,2,E-Gitarre_new.jpg,E-Gitarre.wav,https://www.ling.uni-potsdam.de/~lampe/SemMerk/Final_Images/E-Gitarre_new.jpg,https://www.ling.uni-potsdam.de/~lampe/SemMerk/Audios/E-Gitarre.wav,
